{
"lengthUnit": "mil",
"components": {
	"fields": ["COMPONENT_NO", "COMPONENT_NAME", "LAYER", "X_COORDINATE", "Y_COORDINATE", "ANGLE"],
	"rows": [
		[1, "C1", "T", 177, 1019.06, 180],
		[2, "C2", "T", 177, 1089.06, 180],
		[3, "C3", "T", 177, 1159.06, 180],
		[4, "C4", "T", 177, 1229.06, 180],
		[5, "C5", "T", 177.07, 949.93, 0],
		[6, "C6", "T", 177.07, 879.93, 0],
		[7, "C7", "T", 412, 1354.06, 270],
		[8, "C8", "T", 317, 1389.06, 180],
		[9, "C9", "T", 965, 315, 180],
		[10, "C10", "T", 965, 245, 180],
		[11, "C11", "T", 765, 1150, 270],
		[12, "C12", "T", 695, 1150, 270],
		[13, "C13", "T", 1050, 1290, 90],
		[14, "C15", "T", 1117.56, 1287.56, 270],
		[15, "C17", "T", 320, 475, 90],
		[16, "CN1", "B", 60, 1215, 270],
		[17, "CN2", "T", 1840, 315, 90],
		[18, "EN1", "T", 1390, 1285, 0],
		[19, "FLASH1", "T", 1390, 325, 0],
		[20, "L1", "T", 142.07, 1354.93, 180],
		[21, "L2", "T", 895, 1035, 270],
		[22, "LED1", "T", 397, 719.06, 180],
		[23, "LED2", "T", 397, 789.06, 0],
		[24, "LED3", "T", 397, 859.06, 180],
		[25, "LED4", "T", 397, 929.06, 0],
		[26, "Q1", "T", 689.11, 478.51, 90],
		[27, "Q2", "T", 689.11, 338.51, 270],
		[28, "R1", "T", 195, 475, 90],
		[29, "R2", "T", 255, 475, 90],
		[30, "R3", "T", 270, 905, 90],
		[31, "R4", "T", 317, 1319.06, 180],
		[32, "R5", "T", 1245, 125, 90],
		[33, "R6", "T", 1185, 125, 270],
		[34, "R7", "T", 1125, 125, 270],
		[35, "R8", "T", 1065, 125, 270],
		[36, "R9", "T", 1670, 1295, 90],
		[37, "R10", "T", 1605, 1295, 90],
		[38, "R11", "T", 1540, 1295, 270],
		[39, "R12", "T", 1625, 325, 270],
		[40, "R13", "T", 1305, 125, 270],
		[41, "R14", "T", 965, 380, 180],
		[42, "R15", "T", 854.11, 408.51, 90],
		[43, "R16", "T", 789.11, 408.51, 270],
		[44, "R17", "T", 565, 1150, 270],
		[45, "R18", "T", 1550, 325, 270],
		[46, "R19", "T", 775, 1010, 90],
		[47, "R20", "T", 630, 1150, 270],
		[48, "SW2", "T", 685, 92.5, 0],
		[49, "U1", "T", 352, 1114.06, 0],
		[50, "U2", "T", 1125, 285, 0],
		[51, "U3", "T", 660, 1040, 270],
		[52, "U4", "T", 1325, 787.4, 270],
		[53, "U5", "T", 514.11, 403.51, 0],
		[54, "USB1", "T", 215, 195, 0]
	]
},
"pins": {
	"fields": ["PIN_NO", "PIN_NAME", "PIN_X", "PIN_Y", "LAYER", "PIN_TYPE", "NET_NAME", "NET_TYPE", "PAD_SHAPE", "PAD_SIZEX", "PAD_SIZEY", "HOLE_SIZE", "PAD_ANGLE"],
	"rows": [
		[1, "C1_1", 204.56, 1019.06, "T", "SMD", "5V", "", "R", 31.5, 35.43, 0, 180],
		[2, "C1_2", 149.44, 1019.06, "T", "SMD", "GND", "GND", "R", 31.5, 35.43, 0, 180],
		[3, "C2_1", 204.56, 1089.06, "T", "SMD", "5V", "", "R", 31.5, 35.43, 0, 180],
		[4, "C2_2", 149.44, 1089.06, "T", "SMD", "GND", "GND", "R", 31.5, 35.43, 0, 180],
		[5, "C3_1", 204.56, 1159.06, "T", "SMD", "5V", "", "R", 31.5, 35.43, 0, 180],
		[6, "C3_2", 149.44, 1159.06, "T", "SMD", "GND", "GND", "R", 31.5, 35.43, 0, 180],
		[7, "C4_1", 204.56, 1229.06, "T", "SMD", "5V", "", "R", 31.5, 35.43, 0, 180],
		[8, "C4_2", 149.44, 1229.06, "T", "SMD", "GND", "GND", "R", 31.5, 35.43, 0, 180],
		[9, "C5_1", 149.51, 949.93, "T", "SMD", "GND", "GND", "R", 31.5, 35.43, 0, 0],
		[10, "C5_2", 204.63, 949.93, "T", "SMD", "$1N1430", "", "R", 31.5, 35.43, 0, 0],
		[11, "C6_1", 149.51, 879.93, "T", "SMD", "GND", "GND", "R", 31.5, 35.43, 0, 0],
		[12, "C6_2", 204.63, 879.93, "T", "SMD", "VBUS", "", "R", 31.5, 35.43, 0, 0],
		[13, "C7_1", 412, 1381.62, "T", "SMD", "GND", "GND", "R", 31.5, 35.43, 0, 270],
		[14, "C7_2", 412, 1326.5, "T", "SMD", "$1N1435", "", "R", 31.5, 35.43, 0, 270],
		[15, "C8_1", 344.56, 1389.06, "T", "SMD", "GND", "GND", "R", 31.5, 35.43, 0, 180],
		[16, "C8_2", 289.44, 1389.06, "T", "SMD", "VBAT", "", "R", 31.5, 35.43, 0, 180],
		[17, "C9_1", 992.56, 315, "T", "SMD", "GND", "GND", "R", 31.5, 35.43, 0, 180],
		[18, "C9_2", 937.44, 315, "T", "SMD", "3V3", "", "R", 31.5, 35.43, 0, 180],
		[19, "C10_1", 992.56, 245, "T", "SMD", "$1N4904", "", "R", 31.5, 35.43, 0, 180],
		[20, "C10_2", 937.44, 245, "T", "SMD", "3V3", "", "R", 31.5, 35.43, 0, 180],
		[21, "C11_1", 765, 1177.56, "T", "SMD", "GND", "GND", "R", 31.5, 35.43, 0, 270],
		[22, "C11_2", 765, 1122.44, "T", "SMD", "3V3", "", "R", 31.5, 35.43, 0, 270],
		[23, "C12_1", 695, 1177.56, "T", "SMD", "GND", "GND", "R", 31.5, 35.43, 0, 270],
		[24, "C12_2", 695, 1122.44, "T", "SMD", "3V3", "", "R", 31.5, 35.43, 0, 270],
		[25, "C13_1", 1050, 1262.44, "T", "SMD", "3V3", "", "R", 31.5, 35.43, 0, 90],
		[26, "C13_2", 1050, 1317.56, "T", "SMD", "GND", "GND", "R", 31.5, 35.43, 0, 90],
		[27, "C15_1", 1117.56, 1315.12, "T", "SMD", "GND", "GND", "R", 31.5, 35.43, 0, 270],
		[28, "C15_2", 1117.56, 1260, "T", "SMD", "EN", "", "R", 31.5, 35.43, 0, 270],
		[29, "C17_1", 320, 447.44, "T", "SMD", "GND", "GND", "R", 31.5, 35.43, 0, 90],
		[30, "C17_2", 320, 502.56, "T", "SMD", "$1N6282", "", "R", 31.5, 35.43, 0, 90],
		[31, "CN1_1", -85.68, 1264.21, "B", "SMD", "VBAT", "", "R", 59.05, 137.79, 0, 270],
		[32, "CN1_2", -85.66, 1165.78, "B", "SMD", "GND", "GND", "R", 59.05, 137.79, 0, 270],
		[33, "CN1_3", 205.66, 1381.55, "B", "SMD", "GND", "GND", "R", 59.05, 137.79, 0, 270],
		[34, "CN1_4", 205.68, 1048.45, "B", "SMD", "GND", "GND", "R", 59.05, 137.79, 0, 270],
		[35, "CN2_1", 1773.08, 255.94, "T", "SMD", "3V3", "", "R", 19.68, 66.93, 0, 90],
		[36, "CN2_2", 1773.08, 295.31, "T", "SMD", "SCL", "", "R", 19.68, 66.93, 0, 90],
		[37, "CN2_3", 1773.08, 334.68, "T", "SMD", "SDA", "", "R", 19.68, 66.93, 0, 90],
		[38, "CN2_4", 1773.08, 374.05, "T", "SMD", "GND", "GND", "R", 19.68, 66.93, 0, 90],
		[39, "CN2_5", 1906.92, 212.64, "T", "SMD", "GND", "GND", "R", 47.24, 98.42, 0, 90],
		[40, "CN2_6", 1906.92, 417.36, "T", "SMD", "GND", "GND", "R", 47.24, 98.42, 0, 90],
		[41, "EN1_1", 1303.38, 1285, "T", "SMD", "GND", "GND", "R", 70.87, 53.15, 0, 90],
		[42, "EN1_2", 1476.62, 1285, "T", "SMD", "EN", "", "R", 70.87, 53.15, 0, 90],
		[43, "FLASH1_1", 1303.38, 325, "T", "SMD", "IO0", "", "R", 70.87, 53.15, 0, 90],
		[44, "FLASH1_2", 1476.62, 325, "T", "SMD", "GND", "GND", "R", 70.87, 53.15, 0, 90],
		[45, "L1_1", 62.23, 1354.93, "T", "SMD", "$1N1434", "", "R", 55.12, 83.47, 0, 180],
		[46, "L1_2", 221.91, 1354.93, "T", "SMD", "VBAT", "", "R", 55.12, 83.47, 0, 180],
		[47, "L2_1", 895, 955.16, "T", "SMD", "$1N16281", "", "R", 55.12, 83.47, 0, 270],
		[48, "L2_2", 895, 1114.84, "T", "SMD", "3V3", "", "R", 55.12, 83.47, 0, 270],
		[49, "LED1_1", 428.47, 719.2, "T", "SMD", "$1N1819", "", "R", 31.5, 31.5, 0, 270],
		[50, "LED1_2", 365.52, 718.93, "T", "SMD", "$1N1807", "", "R", 31.5, 31.5, 0, 270],
		[51, "LED2_1", 365.52, 788.93, "T", "SMD", "$1N1807", "", "R", 31.5, 31.5, 0, 90],
		[52, "LED2_2", 428.48, 789.2, "T", "SMD", "$1N1819", "", "R", 31.5, 31.5, 0, 90],
		[53, "LED3_1", 428.47, 859.2, "T", "SMD", "$1N1819", "", "R", 31.5, 31.5, 0, 270],
		[54, "LED3_2", 365.52, 858.93, "T", "SMD", "$1N1813", "", "R", 31.5, 31.5, 0, 270],
		[55, "LED4_1", 365.52, 928.93, "T", "SMD", "$1N1813", "", "R", 31.5, 31.5, 0, 90],
		[56, "LED4_2", 428.48, 929.2, "T", "SMD", "$1N1819", "", "R", 31.5, 31.5, 0, 90],
		[57, "Q1_1", 726.51, 517.88, "T", "SMD", "$1N5432", "", "R", 49.21, 27.56, 0, 90],
		[58, "Q1_2", 651.71, 517.88, "T", "SMD", "RTS", "", "R", 49.21, 27.56, 0, 90],
		[59, "Q1_3", 689.11, 439.14, "T", "SMD", "EN", "", "R", 49.21, 27.56, 0, 90],
		[60, "Q2_1", 651.71, 299.14, "T", "SMD", "$1N5427", "", "R", 49.21, 27.56, 0, 270],
		[61, "Q2_2", 726.51, 299.14, "T", "SMD", "DTR", "", "R", 49.21, 27.56, 0, 270],
		[62, "Q2_3", 689.11, 377.88, "T", "SMD", "IO0", "", "R", 49.21, 27.56, 0, 270],
		[63, "R1_1", 195, 445.34, "T", "SMD", "$1N353", "", "R", 31.75, 34.02, 0, 90],
		[64, "R1_2", 195, 504.66, "T", "SMD", "GND", "GND", "R", 31.75, 34.02, 0, 90],
		[65, "R2_1", 255, 445.34, "T", "SMD", "$1N315", "", "R", 31.75, 34.02, 0, 90],
		[66, "R2_2", 255, 504.66, "T", "SMD", "GND", "GND", "R", 31.75, 34.02, 0, 90],
		[67, "R3_1", 270, 875.34, "T", "SMD", "VBUS", "", "R", 31.75, 34.02, 0, 90],
		[68, "R3_2", 270, 934.66, "T", "SMD", "$1N1430", "", "R", 31.75, 34.02, 0, 90],
		[69, "R4_1", 346.66, 1319.06, "T", "SMD", "$1N1435", "", "R", 31.75, 34.02, 0, 180],
		[70, "R4_2", 287.34, 1319.06, "T", "SMD", "VBAT", "", "R", 31.75, 34.02, 0, 180],
		[71, "R5_1", 1245, 95.34, "T", "SMD", "GND", "GND", "R", 31.75, 34.02, 0, 90],
		[72, "R5_2", 1245, 154.66, "T", "SMD", "$1N4879", "", "R", 31.75, 34.02, 0, 90],
		[73, "R6_1", 1185, 154.66, "T", "SMD", "SDA", "", "R", 31.75, 34.02, 0, 270],
		[74, "R6_2", 1185, 95.34, "T", "SMD", "3V3", "", "R", 31.75, 34.02, 0, 270],
		[75, "R7_1", 1125, 154.66, "T", "SMD", "SCL", "", "R", 31.75, 34.02, 0, 270],
		[76, "R7_2", 1125, 95.34, "T", "SMD", "3V3", "", "R", 31.75, 34.02, 0, 270],
		[77, "R8_1", 1065, 154.66, "T", "SMD", "CS", "", "R", 31.75, 34.02, 0, 270],
		[78, "R8_2", 1065, 95.34, "T", "SMD", "3V3", "", "R", 31.75, 34.02, 0, 270],
		[79, "R9_1", 1670, 1265.34, "T", "SMD", "$1N6007", "", "R", 31.75, 34.02, 0, 90],
		[80, "R9_2", 1670, 1324.66, "T", "SMD", "3V3", "", "R", 31.75, 34.02, 0, 90],
		[81, "R10_1", 1605, 1265.34, "T", "SMD", "EN", "", "R", 31.75, 34.02, 0, 90],
		[82, "R10_2", 1605, 1324.66, "T", "SMD", "3V3", "", "R", 31.75, 34.02, 0, 90],
		[83, "R11_1", 1540, 1324.66, "T", "SMD", "VBAT", "", "R", 31.75, 34.02, 0, 270],
		[84, "R11_2", 1540, 1265.34, "T", "SMD", "$1N6011", "", "R", 31.75, 34.02, 0, 270],
		[85, "R12_1", 1625, 354.66, "T", "SMD", "$1N6193", "", "R", 31.75, 34.02, 0, 270],
		[86, "R12_2", 1625, 295.34, "T", "SMD", "CH340_RXD", "", "R", 31.75, 34.02, 0, 270],
		[87, "R13_1", 1305, 154.66, "T", "SMD", "IO0", "", "R", 31.75, 34.02, 0, 270],
		[88, "R13_2", 1305, 95.34, "T", "SMD", "3V3", "", "R", 31.75, 34.02, 0, 270],
		[89, "R14_1", 994.66, 380, "T", "SMD", "GND", "GND", "R", 31.75, 34.02, 0, 180],
		[90, "R14_2", 935.34, 380, "T", "SMD", "$1N5994", "", "R", 31.75, 34.02, 0, 180],
		[91, "R15_1", 854.11, 378.85, "T", "SMD", "DTR", "", "R", 31.75, 34.02, 0, 90],
		[92, "R15_2", 854.11, 438.17, "T", "SMD", "$1N5432", "", "R", 31.75, 34.02, 0, 90],
		[93, "R16_1", 789.11, 438.17, "T", "SMD", "RTS", "", "R", 31.75, 34.02, 0, 270],
		[94, "R16_2", 789.11, 378.85, "T", "SMD", "$1N5427", "", "R", 31.75, 34.02, 0, 270],
		[95, "R17_1", 565, 1179.66, "T", "SMD", "GND", "GND", "R", 31.75, 34.02, 0, 270],
		[96, "R17_2", 565, 1120.34, "T", "SMD", "$1N16194", "", "R", 31.75, 34.02, 0, 270],
		[97, "R18_1", 1550, 354.66, "T", "SMD", "$1N6195", "", "R", 31.75, 34.02, 0, 270],
		[98, "R18_2", 1550, 295.34, "T", "SMD", "CH340_TXD", "", "R", 31.75, 34.02, 0, 270],
		[99, "R19_1", 775, 980.34, "T", "SMD", "SW", "", "R", 31.75, 34.02, 0, 90],
		[100, "R19_2", 775, 1039.66, "T", "SMD", "DC_SW", "", "R", 31.75, 34.02, 0, 90],
		[101, "R20_1", 630, 1179.66, "T", "SMD", "$1N16194", "", "R", 31.75, 34.02, 0, 270],
		[102, "R20_2", 630, 1120.34, "T", "SMD", "3V3", "", "R", 31.75, 34.02, 0, 270],
		[103, "SW2_1", 596.41, 154.84, "T", "SMD", "GND", "GND", "R", 35.43, 70.87, 0, 0],
		[104, "SW2_2", 714.52, 154.84, "T", "SMD", "SW", "", "R", 35.43, 70.87, 0, 0],
		[105, "SW2_3", 773.58, 154.84, "T", "SMD", "5V", "", "R", 35.43, 70.87, 0, 0],
		[106, "SW2_4", 834.61, 119.53, "T", "SMD", "GND", "GND", "R", 43.31, 36.61, 0, 0],
		[107, "SW2_5", 834.61, 30.16, "T", "SMD", "GND", "GND", "R", 43.31, 36.61, 0, 0],
		[108, "SW2_6", 535.39, 30.16, "T", "SMD", "GND", "GND", "R", 43.31, 36.61, 0, 0],
		[109, "SW2_7", 535.39, 119.53, "T", "SMD", "GND", "GND", "R", 43.31, 36.61, 0, 0],
		[110, "U1_1", 277, 999.56, "T", "SMD", "VBUS", "", "R", 23.62, 47.24, 0, 0],
		[111, "U1_2", 327, 999.56, "T", "SMD", "$1N1807", "", "R", 23.62, 47.24, 0, 0],
		[112, "U1_3", 377, 999.56, "T", "SMD", "$1N1813", "", "R", 23.62, 47.24, 0, 0],
		[113, "U1_4", 427, 999.56, "T", "SMD", "$1N1819", "", "R", 23.62, 47.24, 0, 0],
		[114, "U1_5", 427, 1228.56, "T", "SMD", "U1_5", "", "R", 23.62, 47.24, 0, 0],
		[115, "U1_6", 377, 1228.56, "T", "SMD", "$1N1435", "", "R", 23.62, 47.24, 0, 0],
		[116, "U1_7", 327, 1228.56, "T", "SMD", "$1N1434", "", "R", 23.62, 47.24, 0, 0],
		[117, "U1_8", 277, 1228.56, "T", "SMD", "5V", "", "R", 23.62, 47.24, 0, 0],
		[118, "U1_9", 352, 1114.06, "T", "SMD", "GND", "GND", "R", 129.92, 94.49, 0, 180],
		[119, "U2_1", 1171.06, 255.47, "T", "SMD", "$1N4879", "", "R", 23.62, 10.63, 0, 0],
		[120, "U2_2", 1171.06, 275.17, "T", "SMD", "U2_2", "", "R", 23.62, 10.63, 0, 0],
		[121, "U2_3", 1171.06, 294.85, "T", "SMD", "U2_3", "", "R", 23.62, 10.63, 0, 0],
		[122, "U2_4", 1171.06, 314.53, "T", "SMD", "U2_4", "", "R", 23.62, 10.63, 0, 0],
		[123, "U2_5", 1144.68, 321.22, "T", "SMD", "3V3", "", "R", 10.63, 23.62, 0, 0],
		[124, "U2_6", 1125, 321.22, "T", "SMD", "$1N4904", "", "R", 10.63, 23.62, 0, 0],
		[125, "U2_7", 1105.31, 321.22, "T", "SMD", "GND", "GND", "R", 10.63, 23.62, 0, 0],
		[126, "U2_8", 1078.94, 314.53, "T", "SMD", "3V3", "", "R", 23.62, 10.63, 0, 0],
		[127, "U2_9", 1078.94, 294.85, "T", "SMD", "U2_9", "", "R", 23.62, 10.63, 0, 0],
		[128, "U2_10", 1078.94, 275.17, "T", "SMD", "U2_10", "", "R", 23.62, 10.63, 0, 0],
		[129, "U2_11", 1078.94, 255.47, "T", "SMD", "U2_11", "", "R", 23.62, 10.63, 0, 0],
		[130, "U2_12", 1105.31, 248.78, "T", "SMD", "CS", "", "R", 10.63, 23.62, 0, 0],
		[131, "U2_13", 1125, 248.78, "T", "SMD", "SCL", "", "R", 10.63, 23.62, 0, 0],
		[132, "U2_14", 1144.68, 248.78, "T", "SMD", "SDA", "", "R", 10.63, 23.62, 0, 0],
		[133, "U3_1", 634.8, 1059.69, "T", "SMD", "$1N16194", "", "R", 11.02, 26.77, 0, 270],
		[134, "U3_2", 634.8, 1040.01, "T", "SMD", "GND", "GND", "R", 11.02, 26.77, 0, 270],
		[135, "U3_3", 634.8, 1020.32, "T", "SMD", "5V", "", "R", 11.02, 26.77, 0, 270],
		[136, "U3_4", 685.2, 1020.32, "T", "SMD", "$1N16281", "", "R", 11.02, 26.77, 0, 270],
		[137, "U3_5", 685.2, 1040.01, "T", "SMD", "DC_SW", "", "R", 11.02, 26.77, 0, 270],
		[138, "U3_6", 685.2, 1059.69, "T", "SMD", "3V3", "", "R", 11.02, 26.77, 0, 270],
		[139, "U4_1", 1628.15, 1086.62, "T", "SMD", "$1N6007", "", "R", 98.42, 39.37, 0, 270],
		[140, "U4_2", 1549.41, 1086.62, "T", "SMD", "$1N6011", "", "R", 98.42, 39.37, 0, 270],
		[141, "U4_3", 1470.67, 1086.62, "T", "SMD", "EN", "", "R", 98.42, 39.37, 0, 270],
		[142, "U4_4", 1391.93, 1086.62, "T", "SMD", "U4_4", "", "R", 98.42, 39.37, 0, 270],
		[143, "U4_5", 1313.19, 1086.62, "T", "SMD", "U4_5", "", "R", 98.42, 39.37, 0, 270],
		[144, "U4_6", 1234.45, 1086.62, "T", "SMD", "U4_6", "", "R", 98.42, 39.37, 0, 270],
		[145, "U4_7", 1155.71, 1086.62, "T", "SMD", "U4_7", "", "R", 98.42, 39.37, 0, 270],
		[146, "U4_8", 1076.97, 1086.62, "T", "SMD", "3V3", "", "R", 98.42, 39.37, 0, 270],
		[147, "U4_9", 1076.97, 488.19, "T", "SMD", "GND", "GND", "R", 98.42, 39.37, 0, 270],
		[148, "U4_10", 1155.71, 488.19, "T", "SMD", "$1N5994", "", "R", 98.42, 39.37, 0, 270],
		[149, "U4_11", 1234.45, 488.19, "T", "SMD", "U4_11", "", "R", 98.42, 39.37, 0, 270],
		[150, "U4_12", 1313.19, 488.19, "T", "SMD", "IO0", "", "R", 98.42, 39.37, 0, 270],
		[151, "U4_13", 1391.93, 488.19, "T", "SMD", "SDA", "", "R", 98.42, 39.37, 0, 270],
		[152, "U4_14", 1470.67, 488.19, "T", "SMD", "SCL", "", "R", 98.42, 39.37, 0, 270],
		[153, "U4_15", 1549.41, 488.19, "T", "SMD", "$1N6195", "", "R", 98.42, 39.37, 0, 270],
		[154, "U4_16", 1628.15, 488.19, "T", "SMD", "$1N6193", "", "R", 98.42, 39.37, 0, 270],
		[155, "U4_17", 1021.85, 984.26, "T", "SMD", "U4_17", "", "R", 70.87, 39.37, 0, 0],
		[156, "U4_18", 1021.85, 905.52, "T", "SMD", "U4_18", "", "R", 70.87, 39.37, 0, 0],
		[157, "U4_19", 1021.85, 826.78, "T", "SMD", "U4_19", "", "R", 70.87, 39.37, 0, 0],
		[158, "U4_20", 1021.85, 748.04, "T", "SMD", "U4_20", "", "R", 70.87, 39.37, 0, 0],
		[159, "U4_21", 1021.85, 669.3, "T", "SMD", "U4_21", "", "R", 70.87, 39.37, 0, 0],
		[160, "U4_22", 1021.85, 590.56, "T", "SMD", "U4_22", "", "R", 70.87, 39.37, 0, 0],
		[161, "U5_1", 435.37, 295.25, "T", "SMD", "D+", "", "R", 23.62, 59.05, 0, 0],
		[162, "U5_2", 474.74, 295.25, "T", "SMD", "D-", "", "R", 23.62, 59.05, 0, 0],
		[163, "U5_3", 514.11, 295.25, "T", "SMD", "GND", "GND", "R", 23.62, 59.05, 0, 0],
		[164, "U5_4", 553.48, 295.25, "T", "SMD", "DTR", "", "R", 23.62, 59.05, 0, 0],
		[165, "U5_5", 592.85, 295.25, "T", "SMD", "U5_5", "", "R", 23.62, 59.05, 0, 0],
		[166, "U5_6", 592.85, 511.78, "T", "SMD", "RTS", "", "R", 23.62, 59.05, 0, 0],
		[167, "U5_7", 553.48, 511.78, "T", "SMD", "VBUS", "", "R", 23.62, 59.05, 0, 0],
		[168, "U5_8", 514.11, 511.78, "T", "SMD", "CH340_TXD", "", "R", 23.62, 59.05, 0, 0],
		[169, "U5_9", 474.74, 511.78, "T", "SMD", "CH340_RXD", "", "R", 23.62, 59.05, 0, 0],
		[170, "U5_10", 435.37, 511.78, "T", "SMD", "$1N6282", "", "R", 23.62, 59.05, 0, 0],
		[171, "U5_11", 514.11, 403.51, "T", "SMD", "GND", "GND", "R", 110.24, 94.49, 0, 180],
		[172, "USB1_1", 89.02, 288.5, "T", "SMD", "GND", "GND", "R", 21.65, 43.31, 0, 0],
		[173, "USB1_2", 120.52, 288.5, "T", "SMD", "VBUS", "", "R", 21.65, 43.31, 0, 0],
		[174, "USB1_3", 146.1, 288.5, "T", "SMD", "USB1_3", "", "R", 11.81, 43.31, 0, 0],
		[175, "USB1_4", 165.79, 288.5, "T", "SMD", "$1N353", "", "R", 11.81, 43.31, 0, 0],
		[176, "USB1_5", 185.47, 288.5, "T", "SMD", "D-", "", "R", 11.81, 43.31, 0, 0],
		[177, "USB1_6", 205.16, 288.5, "T", "SMD", "D+", "", "R", 11.81, 43.31, 0, 0],
		[178, "USB1_7", 224.84, 288.5, "T", "SMD", "D-", "", "R", 11.81, 43.31, 0, 0],
		[179, "USB1_8", 244.53, 288.5, "T", "SMD", "D+", "", "R", 11.81, 43.31, 0, 0],
		[180, "USB1_9", 264.22, 288.5, "T", "SMD", "USB1_9", "", "R", 11.81, 43.31, 0, 0],
		[181, "USB1_10", 283.9, 288.5, "T", "SMD", "$1N315", "", "R", 11.81, 43.31, 0, 0],
		[182, "USB1_11", 309.5, 288.5, "T", "SMD", "VBUS", "", "R", 21.65, 43.31, 0, 0],
		[183, "USB1_12", 340.99, 288.5, "T", "SMD", "GND", "GND", "R", 21.65, 43.31, 0, 0],
		[184, "USB1_13", 44.73, 266.86, "T", "DIP", "GND", "GND", "O", 43.31, 78.74, 59.05, 0],
		[185, "USB1_13", 44.73, 266.86, "B", "DIP", "GND", "GND", "O", 43.31, 78.74, 59.05, 0],
		[186, "USB1_13", 44.73, 101.5, "T", "DIP", "GND", "GND", "O", 47.24, 70.87, 47.24, 0],
		[187, "USB1_13", 44.73, 101.5, "B", "DIP", "GND", "GND", "O", 47.24, 70.87, 47.24, 0],
		[188, "USB1_14", 385.28, 266.86, "T", "DIP", "GND", "GND", "O", 43.31, 78.74, 59.06, 0],
		[189, "USB1_14", 385.28, 266.86, "B", "DIP", "GND", "GND", "O", 43.31, 78.74, 59.06, 0],
		[190, "USB1_14", 385.28, 101.5, "T", "DIP", "GND", "GND", "O", 47.24, 70.87, 47.24, 0],
		[191, "USB1_14", 385.28, 101.5, "B", "DIP", "GND", "GND", "O", 47.24, 70.87, 47.24, 0]
	]
}
}